Average EV Price,New Car Average,population,household_income,POPDEN_COU,Electricity Price,Gas Price,NY,TX,WA,Unix Time,fips
56059.0,41172.0,509844.0,167290.0,445.323695077875,13.45,3.378,0.0,0.0,0.0,1617235200.0,8001
56059.0,41172.0,649980.0,241889.0,821.038724811048,0.141,2.908,0.0,0.0,0.0,1617235200.0,8005
56059.0,41172.0,13588.0,5736.0,9.89496503488716,13.45,3.378,0.0,0.0,0.0,1617235200.0,8007
56059.0,41172.0,324682.0,127365.0,455.351665642393,13.45,3.378,0.0,0.0,0.0,1617235200.0,8013
56059.0,41172.0,69444.0,27199.0,2248.01173276911,0.141,2.908,0.0,0.0,0.0,1617235200.0,8014
56059.0,41172.0,19977.0,8650.0,19.2184207213901,13.45,3.378,0.0,0.0,0.0,1617235200.0,8015
56059.0,41172.0,30758.0,12277.0,27.3141431748301,13.45,3.378,0.0,0.0,0.0,1617235200.0,8029
56059.0,41172.0,715878.0,287756.0,4674.33736285629,0.141,2.908,0.0,0.0,0.0,1617235200.0,8031
56059.0,41172.0,344280.0,121492.0,426.042214167742,13.45,3.378,0.0,0.0,0.0,1617235200.0,8035
56059.0,41172.0,54960.0,18667.0,33.0853899556632,13.45,3.378,0.0,0.0,0.0,1617235200.0,8037
56059.0,41172.0,710499.0,262780.0,343.488354233907,13.45,3.378,0.0,0.0,0.0,1617235200.0,8041
56059.0,41172.0,26230.0,8816.0,14.0812808822052,13.45,3.378,0.0,0.0,0.0,1617235200.0,8039
56059.0,41172.0,47725.0,17449.0,31.9057484948424,13.45,3.378,0.0,0.0,0.0,1617235200.0,8043
56059.0,41172.0,59605.0,21586.0,20.9285228427172,13.45,3.378,0.0,0.0,0.0,1617235200.0,8045
56059.0,41172.0,15536.0,6315.0,8.5121069542373,13.45,3.378,0.0,0.0,0.0,1617235200.0,8049
56059.0,41172.0,17119.0,6824.0,5.22302044697966,13.45,3.378,0.0,0.0,0.0,1617235200.0,8051
56059.0,41172.0,578795.0,229007.0,762.596064985718,0.141,2.908,0.0,0.0,0.0,1617235200.0,8059
56059.0,41172.0,56138.0,21370.0,32.9282811477756,13.45,3.378,0.0,0.0,0.0,1617235200.0,8067
56059.0,41172.0,350523.0,134185.0,138.328115317386,13.45,3.378,0.0,0.0,0.0,1617235200.0,8069
56059.0,41172.0,22282.0,8301.0,11.7089846529824,13.45,3.378,0.0,0.0,0.0,1617235200.0,8075
56059.0,41172.0,152962.0,59750.0,46.7758834901315,13.45,3.378,0.0,0.0,0.0,1617235200.0,8077
56059.0,41172.0,26266.0,10521.0,12.737652986345,13.45,3.378,0.0,0.0,0.0,1617235200.0,8083
56059.0,41172.0,42280.0,17483.0,19.0451881372087,13.45,3.378,0.0,0.0,0.0,1617235200.0,8085
56059.0,41172.0,28617.0,10863.0,22.73447780411,13.45,3.378,0.0,0.0,0.0,1617235200.0,8087
56059.0,41172.0,18345.0,6987.0,7.92797608442062,13.45,3.378,0.0,0.0,0.0,1617235200.0,8093
56059.0,41172.0,17980.0,7424.0,17.8820163263096,13.45,3.378,0.0,0.0,0.0,1617235200.0,8097
56059.0,41172.0,167412.0,65206.0,70.4615626055038,13.45,3.378,0.0,0.0,0.0,1617235200.0,8101
56059.0,41172.0,11300.0,4737.0,12.6530887263918,13.45,3.378,0.0,0.0,0.0,1617235200.0,8105
56059.0,41172.0,25317.0,10100.0,10.5118256953809,13.45,3.378,0.0,0.0,0.0,1617235200.0,8107
56059.0,41172.0,8110.0,3604.0,6.27332551978071,13.45,3.378,0.0,0.0,0.0,1617235200.0,8113
56059.0,41172.0,30735.0,11609.0,51.0500172533097,13.45,3.378,0.0,0.0,0.0,1617235200.0,8117
56059.0,41172.0,24981.0,10460.0,44.3569434118043,13.45,3.378,0.0,0.0,0.0,1617235200.0,8119
56059.0,41172.0,315389.0,102046.0,82.5565090683905,13.45,3.378,0.0,0.0,0.0,1617235200.0,8123
56059.0,41172.0,306165.0,128122.0,602.136262007564,0.208,2.911,1.0,0.0,0.0,1617235200.0,36001
56059.0,41172.0,46304.0,18028.0,45.1279079748184,18.45,3.355,1.0,0.0,0.0,1617235200.0,36003
56059.0,41172.0,1427056.0,510135.0,34920.4967567033,0.208,2.911,1.0,0.0,0.0,1617235200.0,36005
56059.0,41172.0,192042.0,79528.0,281.566504369415,18.45,3.355,1.0,0.0,0.0,1617235200.0,36007
56059.0,41172.0,76958.0,30870.0,110.252086855646,18.45,3.355,1.0,0.0,0.0,1617235200.0,36011
56059.0,41172.0,127584.0,53625.0,120.385028321685,18.45,3.355,1.0,0.0,0.0,1617235200.0,36013
56059.0,41172.0,84115.0,34328.0,206.583819688154,18.45,3.355,1.0,0.0,0.0,1617235200.0,36015
56059.0,41172.0,47527.0,20834.0,52.843175160062,18.45,3.355,1.0,0.0,0.0,1617235200.0,36017
56059.0,41172.0,80320.0,31557.0,76.9389171564476,18.45,3.355,1.0,0.0,0.0,1617235200.0,36019
56059.0,41172.0,60016.0,25323.0,97.0125929469636,18.45,3.355,1.0,0.0,0.0,1617235200.0,36021
56059.0,41172.0,47618.0,17980.0,93.848696678882,18.45,3.355,1.0,0.0,0.0,1617235200.0,36023
56059.0,41172.0,44676.0,18930.0,30.7142441166693,18.45,3.355,1.0,0.0,0.0,1617235200.0,36025
56059.0,41172.0,293524.0,110095.0,371.913561357333,18.45,3.355,1.0,0.0,0.0,1617235200.0,36027
56059.0,41172.0,918873.0,392910.0,915.136761600585,0.208,2.911,1.0,0.0,0.0,1617235200.0,36029
56059.0,41172.0,37281.0,16182.0,20.8353839596531,18.45,3.355,1.0,0.0,0.0,1617235200.0,36031
56059.0,41172.0,50389.0,18880.0,29.1876166996874,18.45,3.355,1.0,0.0,0.0,1617235200.0,36033
56059.0,41172.0,53452.0,22406.0,107.62590780037,18.45,3.355,1.0,0.0,0.0,1617235200.0,36035
56059.0,41172.0,57554.0,24174.0,118.449449774952,18.45,3.355,1.0,0.0,0.0,1617235200.0,36037
56059.0,41172.0,47335.0,17681.0,74.0638474015024,18.45,3.355,1.0,0.0,0.0,1617235200.0,36039
56059.0,41172.0,61738.0,25093.0,42.6054805992269,18.45,3.355,1.0,0.0,0.0,1617235200.0,36043
56059.0,41172.0,111454.0,43046.0,92.0006757430437,18.45,3.355,1.0,0.0,0.0,1617235200.0,36045
56059.0,41172.0,2576771.0,972314.0,39438.2338933645,0.208,2.911,1.0,0.0,0.0,1617235200.0,36047
56059.0,41172.0,63218.0,24496.0,97.8760905628065,18.45,3.355,1.0,0.0,0.0,1617235200.0,36051
56059.0,41172.0,70990.0,25959.0,103.865568208592,18.45,3.355,1.0,0.0,0.0,1617235200.0,36053
56059.0,41172.0,743084.0,305210.0,1156.03175345955,0.208,2.911,1.0,0.0,0.0,1617235200.0,36055
56059.0,41172.0,49294.0,19621.0,122.875183448829,18.45,3.355,1.0,0.0,0.0,1617235200.0,36057
56059.0,41172.0,1355683.0,449967.0,4905.36840666444,0.208,2.911,1.0,0.0,0.0,1617235200.0,36059
56059.0,41172.0,1629153.0,758720.0,74781.1023219673,0.208,2.911,1.0,0.0,0.0,1617235200.0,36061
56059.0,41172.0,210145.0,90022.0,407.133236412855,18.45,3.355,1.0,0.0,0.0,1617235200.0,36063
56059.0,41172.0,229074.0,90675.0,191.471115785581,18.45,3.355,1.0,0.0,0.0,1617235200.0,36065
56059.0,41172.0,461591.0,187349.0,612.182865435705,0.208,2.911,1.0,0.0,0.0,1617235200.0,36067
56059.0,41172.0,109774.0,45711.0,174.604810195944,18.45,3.355,1.0,0.0,0.0,1617235200.0,36069
56059.0,41172.0,382077.0,130428.0,494.033626711296,18.45,3.355,1.0,0.0,0.0,1617235200.0,36071
56059.0,41172.0,40624.0,16634.0,103.110216922724,18.45,3.355,1.0,0.0,0.0,1617235200.0,36073
56059.0,41172.0,117630.0,46597.0,123.497265022347,18.45,3.355,1.0,0.0,0.0,1617235200.0,36075
56059.0,41172.0,59593.0,23768.0,58.4228414700246,18.45,3.355,1.0,0.0,0.0,1617235200.0,36077
56059.0,41172.0,98714.0,34915.0,424.270514938312,18.45,3.355,1.0,0.0,0.0,1617235200.0,36079
56059.0,41172.0,2270976.0,783362.0,22124.6080666761,0.208,2.911,1.0,0.0,0.0,1617235200.0,36081
56059.0,41172.0,159013.0,65455.0,246.959615504566,18.45,3.355,1.0,0.0,0.0,1617235200.0,36083
56059.0,41172.0,475596.0,167160.0,8618.35761033439,0.208,2.911,1.0,0.0,0.0,1617235200.0,36085
56059.0,41172.0,325213.0,101167.0,1950.66421178515,0.208,2.911,1.0,0.0,0.0,1617235200.0,36087
56059.0,41172.0,229313.0,95898.0,290.754853627252,18.45,3.355,1.0,0.0,0.0,1617235200.0,36091
56059.0,41172.0,155086.0,57479.0,772.612371869635,0.208,2.911,1.0,0.0,0.0,1617235200.0,36093
56059.0,41172.0,17845.0,7402.0,54.5103148896104,18.45,3.355,1.0,0.0,0.0,1617235200.0,36097
56059.0,41172.0,108352.0,41925.0,40.4944792123539,18.45,3.355,1.0,0.0,0.0,1617235200.0,36089
56059.0,41172.0,95843.0,40099.0,67.3024125578968,18.45,3.355,1.0,0.0,0.0,1617235200.0,36101
56059.0,41172.0,1481364.0,495667.0,1674.6835506299,0.208,2.911,1.0,0.0,0.0,1617235200.0,36103
56059.0,41172.0,75329.0,28762.0,81.2114262187543,18.45,3.355,1.0,0.0,0.0,1617235200.0,36105
56059.0,41172.0,48431.0,20643.0,93.404714342743,18.45,3.355,1.0,0.0,0.0,1617235200.0,36107
56059.0,41172.0,102237.0,40817.0,222.779728505026,18.45,3.355,1.0,0.0,0.0,1617235200.0,36109
56059.0,41172.0,178371.0,70088.0,161.756093455912,18.45,3.355,1.0,0.0,0.0,1617235200.0,36111
56059.0,41172.0,64187.0,29034.0,75.8026525411188,18.45,3.355,1.0,0.0,0.0,1617235200.0,36113
56059.0,41172.0,61304.0,24054.0,73.7545092317962,18.45,3.355,1.0,0.0,0.0,1617235200.0,36115
56059.0,41172.0,90103.0,37281.0,151.174145307063,18.45,3.355,1.0,0.0,0.0,1617235200.0,36117
56059.0,41172.0,968738.0,353485.0,2332.03680296743,0.208,2.911,1.0,0.0,0.0,1617235200.0,36119
56059.0,41172.0,24981.0,8901.0,73.2660343365177,18.45,3.355,1.0,0.0,0.0,1617235200.0,36123
56059.0,41172.0,87119.0,31368.0,108.283337609827,10.77,2.551,0.0,1.0,0.0,1617235200.0,48005
56059.0,41172.0,24220.0,9917.0,94.5379807800445,10.77,2.551,0.0,1.0,0.0,1617235200.0,48007
56059.0,41172.0,86839.0,26173.0,109.44998323262,10.77,2.551,0.0,1.0,0.0,1617235200.0,48021
56059.0,41172.0,355700.0,125747.0,351.715852857326,10.77,2.551,0.0,1.0,0.0,1617235200.0,48027
56059.0,41172.0,1978826.0,644561.0,1620.01399038394,0.14,2.15,0.0,1.0,0.0,1617235200.0,48029
56059.0,41172.0,11733.0,4665.0,16.0367073385508,10.77,2.551,0.0,1.0,0.0,1617235200.0,48031
56059.0,41172.0,18428.0,7255.0,18.5508254169596,10.77,2.551,0.0,1.0,0.0,1617235200.0,48035
56059.0,41172.0,93622.0,34283.0,104.972230471448,10.77,2.551,0.0,1.0,0.0,1617235200.0,48037
56059.0,41172.0,368062.0,124184.0,272.88627976771,10.77,2.551,0.0,1.0,0.0,1617235200.0,48039
56059.0,41172.0,226370.0,81514.0,398.967875314781,10.77,2.551,0.0,1.0,0.0,1617235200.0,48041
56059.0,41172.0,47548.0,17384.0,49.3869784019526,10.77,2.551,0.0,1.0,0.0,1617235200.0,48053
56059.0,41172.0,42817.0,13774.0,84.2604666807159,10.77,2.551,0.0,1.0,0.0,1617235200.0,48055
56059.0,41172.0,422135.0,126968.0,472.148148581143,10.77,2.551,0.0,1.0,0.0,1617235200.0,48061
56059.0,41172.0,30002.0,11962.0,30.3689928696992,10.77,2.551,0.0,1.0,0.0,1617235200.0,48067
56059.0,41172.0,42571.0,14266.0,77.9985893268489,10.77,2.551,0.0,1.0,0.0,1617235200.0,48071
56059.0,41172.0,52341.0,18540.0,47.8769435861767,10.77,2.551,0.0,1.0,0.0,1617235200.0,48073
56059.0,41172.0,1006038.0,353491.0,1265.33760455108,0.14,2.15,0.0,1.0,0.0,1617235200.0,48085
56059.0,41172.0,148921.0,54586.0,288.639498500176,10.77,2.551,0.0,1.0,0.0,1617235200.0,48091
56059.0,41172.0,40428.0,15530.0,47.630289390328,10.77,2.551,0.0,1.0,0.0,1617235200.0,48097
56059.0,41172.0,75576.0,22324.0,78.967604478796,10.77,2.551,0.0,1.0,0.0,1617235200.0,48099
56059.0,41172.0,2622634.0,945996.0,2993.57368590783,0.14,2.15,0.0,1.0,0.0,1617235200.0,48113
56059.0,41172.0,861690.0,300585.0,1031.78328253388,0.14,2.15,0.0,1.0,0.0,1617235200.0,48121
56059.0,41172.0,162067.0,53602.0,183.962244554706,10.77,2.551,0.0,1.0,0.0,1617235200.0,48135
56059.0,41172.0,836915.0,273662.0,854.355153374683,0.14,2.15,0.0,1.0,0.0,1617235200.0,48141
56059.0,41172.0,179484.0,59399.0,205.670878409742,10.77,2.551,0.0,1.0,0.0,1617235200.0,48139
56059.0,41172.0,42226.0,14263.0,39.2781372830254,10.77,2.551,0.0,1.0,0.0,1617235200.0,48143
56059.0,41172.0,35046.0,12391.0,40.0323459749244,10.77,2.551,0.0,1.0,0.0,1617235200.0,48147
56059.0,41172.0,790892.0,248299.0,954.818788065464,0.14,2.15,0.0,1.0,0.0,1617235200.0,48157
56059.0,41172.0,337600.0,125204.0,924.589693296505,0.14,2.15,0.0,1.0,0.0,1617235200.0,48167
56059.0,41172.0,26668.0,10820.0,25.2552372031301,10.77,2.551,0.0,1.0,0.0,1617235200.0,48171
56059.0,41172.0,20828.0,7465.0,18.4244511968868,10.77,2.551,0.0,1.0,0.0,1617235200.0,48177
56059.0,41172.0,133527.0,49327.0,145.302917472678,10.77,2.551,0.0,1.0,0.0,1617235200.0,48181
56059.0,41172.0,123633.0,46174.0,454.457107120333,10.77,2.551,0.0,1.0,0.0,1617235200.0,48183
56059.0,41172.0,28447.0,9206.0,37.1675128230191,10.77,2.551,0.0,1.0,0.0,1617235200.0,48185
56059.0,41172.0,163030.0,55710.0,242.820820199748,10.77,2.551,0.0,1.0,0.0,1617235200.0,48187
56059.0,41172.0,8434.0,3007.0,9.8359885952836,10.77,2.551,0.0,1.0,0.0,1617235200.0,48193
56059.0,41172.0,57356.0,21188.0,63.1395365391511,10.77,2.551,0.0,1.0,0.0,1617235200.0,48199
56059.0,41172.0,4680609.0,1635749.0,2771.68824560839,0.14,2.15,0.0,1.0,0.0,1617235200.0,48201
56059.0,41172.0,66547.0,23841.0,76.4832271452294,10.77,2.551,0.0,1.0,0.0,1617235200.0,48203
56059.0,41172.0,222827.0,76724.0,356.162156491123,10.77,2.551,0.0,1.0,0.0,1617235200.0,48209
56059.0,41172.0,81969.0,31649.0,94.0172190826557,10.77,2.551,0.0,1.0,0.0,1617235200.0,48213
56059.0,41172.0,861137.0,243878.0,554.302954158557,0.14,2.15,0.0,1.0,0.0,1617235200.0,48215
56059.0,41172.0,36109.0,13094.0,37.4135884857969,10.77,2.551,0.0,1.0,0.0,1617235200.0,48217
56059.0,41172.0,60025.0,23215.0,146.422151153234,10.77,2.551,0.0,1.0,0.0,1617235200.0,48221
56059.0,41172.0,96202.0,33596.0,118.937037979228,10.77,2.551,0.0,1.0,0.0,1617235200.0,48231
56059.0,41172.0,21105.0,7074.0,23.2326374792856,10.77,2.551,0.0,1.0,0.0,1617235200.0,48233
56059.0,41172.0,253136.0,94012.0,292.585166771012,10.77,2.551,0.0,1.0,0.0,1617235200.0,48245
56059.0,41172.0,171359.0,58270.0,248.251328977471,10.77,2.551,0.0,1.0,0.0,1617235200.0,48251
56059.0,41172.0,129792.0,39237.0,186.108728264275,10.77,2.551,0.0,1.0,0.0,1617235200.0,48257
56059.0,41172.0,45491.0,14789.0,66.8412556022981,10.77,2.551,0.0,1.0,0.0,1617235200.0,48259
56059.0,41172.0,52195.0,21278.0,47.6722134150978,10.77,2.551,0.0,1.0,0.0,1617235200.0,48265
56059.0,41172.0,30725.0,11140.0,35.2206479163473,10.77,2.551,0.0,1.0,0.0,1617235200.0,48273
56059.0,41172.0,49705.0,19995.0,55.2039740262379,10.77,2.551,0.0,1.0,0.0,1617235200.0,48277
56059.0,41172.0,20072.0,7904.0,20.9723844070385,10.77,2.551,0.0,1.0,0.0,1617235200.0,48285
56059.0,41172.0,86173.0,27417.0,79.1023831804321,10.77,2.551,0.0,1.0,0.0,1617235200.0,48291
56059.0,41172.0,21452.0,9031.0,22.7426812300805,10.77,2.551,0.0,1.0,0.0,1617235200.0,48299
56059.0,41172.0,308392.0,116535.0,346.851437885153,10.77,2.551,0.0,1.0,0.0,1617235200.0,48303
56059.0,41172.0,9987.0,4535.0,25.5316787818934,10.77,2.551,0.0,1.0,0.0,1617235200.0,48315
56059.0,41172.0,58098.0,16647.0,45.2431141618612,10.77,2.551,0.0,1.0,0.0,1617235200.0,48323
56059.0,41172.0,254045.0,91422.0,251.366579269765,10.77,2.551,0.0,1.0,0.0,1617235200.0,48309
56059.0,41172.0,50869.0,15978.0,38.2901929277451,10.77,2.551,0.0,1.0,0.0,1617235200.0,48325
56059.0,41172.0,171238.0,57917.0,188.796050742597,10.77,2.551,0.0,1.0,0.0,1617235200.0,48329
56059.0,41172.0,590188.0,205719.0,595.334493566693,0.14,2.15,0.0,1.0,0.0,1617235200.0,48339
56059.0,41172.0,65080.0,23765.0,68.3205613447219,10.77,2.551,0.0,1.0,0.0,1617235200.0,48347
56059.0,41172.0,49475.0,17509.0,52.1186365729521,10.77,2.551,0.0,1.0,0.0,1617235200.0,48349
56059.0,41172.0,362151.0,130482.0,420.920697562946,10.77,2.551,0.0,1.0,0.0,1617235200.0,48355
56059.0,41172.0,28792.0,10334.0,29.8243529345434,10.77,2.551,0.0,1.0,0.0,1617235200.0,48363
56059.0,41172.0,138447.0,45848.0,164.01410925081,10.77,2.551,0.0,1.0,0.0,1617235200.0,48367
56059.0,41172.0,118323.0,43957.0,130.47885948892,10.77,2.551,0.0,1.0,0.0,1617235200.0,48375
56059.0,41172.0,136005.0,50092.0,154.215154573648,10.77,2.551,0.0,1.0,0.0,1617235200.0,48381
56059.0,41172.0,101175.0,34457.0,847.600269617975,0.14,2.15,0.0,1.0,0.0,1617235200.0,48397
56059.0,41172.0,66969.0,23422.0,99.1517406966855,10.77,2.551,0.0,1.0,0.0,1617235200.0,48409
56059.0,41172.0,230184.0,77809.0,253.377242929783,10.77,2.551,0.0,1.0,0.0,1617235200.0,48423
56059.0,41172.0,64032.0,16281.0,53.8926559683501,10.77,2.551,0.0,1.0,0.0,1617235200.0,48427
56059.0,41172.0,2077153.0,722446.0,2439.25560873107,0.14,2.15,0.0,1.0,0.0,1617235200.0,48439
56059.0,41172.0,137521.0,50396.0,156.420660289781,10.77,2.551,0.0,1.0,0.0,1617235200.0,48441
56059.0,41172.0,32709.0,11064.0,76.951404173159,10.77,2.551,0.0,1.0,0.0,1617235200.0,48449
56059.0,41172.0,118645.0,42953.0,78.845968646758,10.77,2.551,0.0,1.0,0.0,1617235200.0,48451
56059.0,41172.0,1250884.0,491531.0,1297.91443682726,0.14,2.15,0.0,1.0,0.0,1617235200.0,48453
56059.0,41172.0,14689.0,6105.0,19.605325220794,10.77,2.551,0.0,1.0,0.0,1617235200.0,48455
56059.0,41172.0,26899.0,8921.0,15.828218459667,10.77,2.551,0.0,1.0,0.0,1617235200.0,48463
56059.0,41172.0,55970.0,20494.0,70.6662025607361,10.77,2.551,0.0,1.0,0.0,1617235200.0,48467
56059.0,41172.0,92044.0,32520.0,103.524380604109,10.77,2.551,0.0,1.0,0.0,1617235200.0,48469
56059.0,41172.0,72295.0,22515.0,97.421905984207,10.77,2.551,0.0,1.0,0.0,1617235200.0,48471
56059.0,41172.0,53626.0,15586.0,110.646242409066,10.77,2.551,0.0,1.0,0.0,1617235200.0,48473
56059.0,41172.0,274847.0,76382.0,79.4637112269213,10.77,2.551,0.0,1.0,0.0,1617235200.0,48479
56059.0,41172.0,132154.0,48538.0,206.105866535214,10.77,2.551,0.0,1.0,0.0,1617235200.0,48485
56059.0,41172.0,570437.0,188113.0,545.799024842014,0.14,2.15,0.0,1.0,0.0,1617235200.0,48491
56059.0,41172.0,50110.0,15975.0,61.9026329075938,10.77,2.551,0.0,1.0,0.0,1617235200.0,48493
56059.0,41172.0,67884.0,22254.0,75.8877228179711,10.77,2.551,0.0,1.0,0.0,1617235200.0,48497
56059.0,41172.0,45054.0,16716.0,69.4982176408307,10.77,2.551,0.0,1.0,0.0,1617235200.0,48499
56059.0,41172.0,14243.0,4689.0,13.911164103877,10.77,2.551,0.0,1.0,0.0,1617235200.0,48505
56059.0,41172.0,19702.0,6035.0,10.7081725009272,9.72,3.908,0.0,0.0,1.0,1617235200.0,53001
56059.0,41172.0,22636.0,9286.0,35.0353467050892,9.72,3.908,0.0,0.0,1.0,1617235200.0,53003
56059.0,41172.0,200715.0,73073.0,121.681558630248,9.72,3.908,0.0,0.0,1.0,1617235200.0,53005
56059.0,41172.0,76653.0,29383.0,27.0693727472702,9.72,3.908,0.0,0.0,1.0,1617235200.0,53007
56059.0,41172.0,76482.0,33197.0,44.3743118558569,9.72,3.908,0.0,0.0,1.0,1617235200.0,53009
56059.0,41172.0,481950.0,178478.0,800.824968085668,0.116,3.321,0.0,0.0,1.0,1617235200.0,53011
56059.0,41172.0,4024.0,1795.0,4.54995443295223,9.72,3.908,0.0,0.0,1.0,1617235200.0,53013
56059.0,41172.0,108399.0,42354.0,97.0334933733736,9.72,3.908,0.0,0.0,1.0,1617235200.0,53015
56059.0,41172.0,42520.0,15435.0,23.6022454244028,9.72,3.908,0.0,0.0,1.0,1617235200.0,53017
56059.0,41172.0,7643.0,3175.0,3.25794562936362,9.72,3.908,0.0,0.0,1.0,1617235200.0,53019
56059.0,41172.0,93681.0,27263.0,77.9235376700697,9.72,3.908,0.0,0.0,1.0,1617235200.0,53021
56059.0,41172.0,96648.0,31908.0,36.9926081160065,9.72,3.908,0.0,0.0,1.0,1617235200.0,53025
56059.0,41172.0,73769.0,29433.0,39.7777901559805,9.72,3.908,0.0,0.0,1.0,1617235200.0,53027
56059.0,41172.0,84187.0,35326.0,416.63559777894,9.72,3.908,0.0,0.0,1.0,1617235200.0,53029
56059.0,41172.0,31825.0,15051.0,18.2827932525191,9.72,3.908,0.0,0.0,1.0,1617235200.0,53031
56059.0,41172.0,2225064.0,900061.0,1073.02234455143,0.116,3.321,0.0,0.0,1.0,1617235200.0,53033
56059.0,41172.0,268945.0,105758.0,697.573606433724,0.116,3.321,0.0,0.0,1.0,1617235200.0,53035
56059.0,41172.0,47097.0,19162.0,19.2998918689135,9.72,3.908,0.0,0.0,1.0,1617235200.0,53037
56059.0,41172.0,22055.0,9268.0,12.1471924203119,9.72,3.908,0.0,0.0,1.0,1617235200.0,53039
56059.0,41172.0,79430.0,31118.0,34.1893182161179,9.72,3.908,0.0,0.0,1.0,1617235200.0,53041
56059.0,41172.0,10732.0,4628.0,4.70703301265627,9.72,3.908,0.0,0.0,1.0,1617235200.0,53043
56059.0,41172.0,65326.0,25242.0,68.4971891198642,9.72,3.908,0.0,0.0,1.0,1617235200.0,53045
56059.0,41172.0,42080.0,17884.0,7.99518194583916,9.72,3.908,0.0,0.0,1.0,1617235200.0,53047
56059.0,41172.0,22121.0,9714.0,25.0266660038194,9.72,3.908,0.0,0.0,1.0,1617235200.0,53049
56059.0,41172.0,13588.0,5798.0,9.57052328921188,9.72,3.908,0.0,0.0,1.0,1617235200.0,53051
56059.0,41172.0,891862.0,330999.0,552.251670069543,0.116,3.321,0.0,0.0,1.0,1617235200.0,53053
56059.0,41172.0,16953.0,8459.0,102.281687587072,9.72,3.908,0.0,0.0,1.0,1617235200.0,53055
56059.0,41172.0,127442.0,49263.0,74.8585557193515,9.72,3.908,0.0,0.0,1.0,1617235200.0,53057
56059.0,41172.0,11906.0,4866.0,7.25814420445643,9.72,3.908,0.0,0.0,1.0,1617235200.0,53059
56059.0,41172.0,811572.0,298815.0,396.81358640695,9.72,3.908,0.0,0.0,1.0,1617235200.0,53061
56059.0,41172.0,513402.0,206502.0,305.711379052301,9.72,3.908,0.0,0.0,1.0,1617235200.0,53063
56059.0,41172.0,45233.0,17883.0,18.7498698104468,9.72,3.908,0.0,0.0,1.0,1617235200.0,53065
56059.0,41172.0,284698.0,112323.0,408.02237104538,9.72,3.908,0.0,0.0,1.0,1617235200.0,53067
56059.0,41172.0,4318.0,1900.0,16.818489297597,9.72,3.908,0.0,0.0,1.0,1617235200.0,53069
56059.0,41172.0,60785.0,22773.0,49.2777353874124,9.72,3.908,0.0,0.0,1.0,1617235200.0,53071
56059.0,41172.0,224538.0,88978.0,107.617198410978,9.72,3.908,0.0,0.0,1.0,1617235200.0,53073
56059.0,41172.0,49577.0,18485.0,22.2174358211973,9.72,3.908,0.0,0.0,1.0,1617235200.0,53075
56059.0,41172.0,250649.0,83765.0,59.7808203384926,9.72,3.908,0.0,0.0,1.0,1617235200.0,53077
56059.0,41172.0,9533.0,4378.0,23.7856180515915,13.45,3.378,0.0,0.0,0.0,1617235200.0,8019
56059.0,41172.0,6769.0,3057.0,4.28654752203695,13.45,3.378,0.0,0.0,0.0,1617235200.0,8055
56059.0,41172.0,7246.0,3020.0,3.27978950411129,13.45,3.378,0.0,0.0,0.0,1617235200.0,8063
56059.0,41172.0,4343.0,1737.0,6.58502961498124,13.45,3.378,0.0,0.0,0.0,1617235200.0,8095
56059.0,41172.0,6730.0,2803.0,2.00975332113725,13.45,3.378,0.0,0.0,0.0,1617235200.0,8109
56059.0,41172.0,76750.0,31999.0,58.893614594554,18.45,3.355,1.0,0.0,0.0,1617235200.0,36009
56059.0,41172.0,4454.0,1416.0,2.97373538903486,18.45,3.355,1.0,0.0,0.0,1617235200.0,36041
56059.0,41172.0,26456.0,10398.0,20.8546024062376,18.45,3.355,1.0,0.0,0.0,1617235200.0,36049
56059.0,41172.0,31189.0,12780.0,47.7858846469262,18.45,3.355,1.0,0.0,0.0,1617235200.0,36095
56059.0,41172.0,34295.0,13784.0,104.462299721814,18.45,3.355,1.0,0.0,0.0,1617235200.0,36099
56059.0,41172.0,57917.0,16555.0,54.5091371315679,10.77,2.551,0.0,1.0,0.0,1617235200.0,48001
56059.0,41172.0,32609.0,8499.0,35.2712851097151,10.77,2.551,0.0,1.0,0.0,1617235200.0,48025
56059.0,41172.0,9231.0,4292.0,1.54372898865881,10.77,2.551,0.0,1.0,0.0,1617235200.0,48043
56059.0,41172.0,37805.0,14614.0,40.3357720567874,10.77,2.551,0.0,1.0,0.0,1617235200.0,48049
56059.0,41172.0,13959.0,5372.0,15.241828695327,10.77,2.551,0.0,1.0,0.0,1617235200.0,48059
56059.0,41172.0,13597.0,5416.0,14.4964367880319,10.77,2.551,0.0,1.0,0.0,1617235200.0,48093
56059.0,41172.0,3393.0,1394.0,1.10354829970445,10.77,2.551,0.0,1.0,0.0,1617235200.0,48105
56059.0,41172.0,7272.0,2344.0,4.73347504498517,10.77,2.551,0.0,1.0,0.0,1617235200.0,48111
56059.0,41172.0,20217.0,6823.0,21.8092699665606,10.77,2.551,0.0,1.0,0.0,1617235200.0,48123
56059.0,41172.0,11194.0,3407.0,5.48156110861131,10.77,2.551,0.0,1.0,0.0,1617235200.0,48131
56059.0,41172.0,18289.0,7017.0,19.1310797664619,10.77,2.551,0.0,1.0,0.0,1617235200.0,48133
56059.0,41172.0,10767.0,3960.0,36.4253759961528,10.77,2.551,0.0,1.0,0.0,1617235200.0,48159
56059.0,41172.0,19744.0,6736.0,22.1424526434511,10.77,2.551,0.0,1.0,0.0,1617235200.0,48161
56059.0,41172.0,3958.0,1672.0,5.10566478166417,10.77,2.551,0.0,1.0,0.0,1617235200.0,48197
56059.0,41172.0,3901.0,1356.0,3.73173460594043,10.77,2.551,0.0,1.0,0.0,1617235200.0,48211
56059.0,41172.0,3679.0,1394.0,3.94184746388238,10.77,2.551,0.0,1.0,0.0,1617235200.0,48275
56059.0,41172.0,21152.0,7823.0,30.3526447728063,10.77,2.551,0.0,1.0,0.0,1617235200.0,48281
56059.0,41172.0,17174.0,6159.0,27.7853749343042,10.77,2.551,0.0,1.0,0.0,1617235200.0,48287
56059.0,41172.0,23364.0,8292.0,24.4592309664369,10.77,2.551,0.0,1.0,0.0,1617235200.0,48293
56059.0,41172.0,36791.0,13900.0,33.1728384067248,10.77,2.551,0.0,1.0,0.0,1617235200.0,48321
56059.0,41172.0,2108.0,1035.0,2.17511448965703,10.77,2.551,0.0,1.0,0.0,1617235200.0,48327
56059.0,41172.0,24797.0,9468.0,24.3557802225335,10.77,2.551,0.0,1.0,0.0,1617235200.0,48331
56059.0,41172.0,12357.0,5170.0,47.5142073569012,10.77,2.551,0.0,1.0,0.0,1617235200.0,48343
56059.0,41172.0,14901.0,5516.0,16.1602287919611,10.77,2.551,0.0,1.0,0.0,1617235200.0,48353
56059.0,41172.0,83776.0,31570.0,254.080595017696,10.77,2.551,0.0,1.0,0.0,1617235200.0,48361
56059.0,41172.0,6808.0,2580.0,1.59030691230389,10.77,2.551,0.0,1.0,0.0,1617235200.0,48377
56059.0,41172.0,3429.0,1254.0,3.94476272290039,10.77,2.551,0.0,1.0,0.0,1617235200.0,48385
56059.0,41172.0,53988.0,18056.0,56.4968347096431,10.77,2.551,0.0,1.0,0.0,1617235200.0,48401
56059.0,41172.0,16918.0,6115.0,18.7003121372638,10.77,2.551,0.0,1.0,0.0,1617235200.0,48415
56059.0,41172.0,12408.0,4101.0,13.3106915702953,10.77,2.551,0.0,1.0,0.0,1617235200.0,48445
56059.0,41172.0,41672.0,15248.0,38.2732913764179,10.77,2.551,0.0,1.0,0.0,1617235200.0,48481
56059.0,41172.0,2258.0,986.0,3.2159529465383,9.72,3.908,0.0,0.0,1.0,1617235200.0,53023
56059.0,41172.0,4941.0,2310.0,6.36861920897699,13.45,3.378,0.0,0.0,0.0,1617235200.0,8027
56059.0,41172.0,6108.0,2860.0,38.7143835301666,13.45,3.378,0.0,0.0,0.0,1617235200.0,8047
56059.0,41172.0,7845.0,3275.0,19.7284842108028,13.45,3.378,0.0,0.0,0.0,1617235200.0,8065
56059.0,41172.0,14323.0,6750.0,3.04950146017443,13.45,3.378,0.0,0.0,0.0,1617235200.0,8071
56059.0,41172.0,18284.0,7761.0,14.8105459846012,13.45,3.378,0.0,0.0,0.0,1617235200.0,8089
56059.0,41172.0,4890.0,2259.0,9.01476721768313,13.45,3.378,0.0,0.0,0.0,1617235200.0,8091
56059.0,41172.0,12035.0,4900.0,7.32361358198606,13.45,3.378,0.0,0.0,0.0,1617235200.0,8099
56059.0,41172.0,6369.0,2513.0,2.02704021166269,13.45,3.378,0.0,0.0,0.0,1617235200.0,8103
56059.0,41172.0,10013.0,4108.0,4.22435412793276,13.45,3.378,0.0,0.0,0.0,1617235200.0,8125
56059.0,41172.0,50194.0,15798.0,40.1636968197514,10.77,2.551,0.0,1.0,0.0,1617235200.0,48013
56059.0,41172.0,12938.0,4460.0,63.6417511093223,10.77,2.551,0.0,1.0,0.0,1617235200.0,48063
56059.0,41172.0,10444.0,4159.0,9.3850528666989,10.77,2.551,0.0,1.0,0.0,1617235200.0,48077
56059.0,41172.0,8281.0,3492.0,6.08437364466964,10.77,2.551,0.0,1.0,0.0,1617235200.0,48083
56059.0,41172.0,21357.0,7442.0,21.4071685409888,10.77,2.551,0.0,1.0,0.0,1617235200.0,48089
56059.0,41172.0,25247.0,9033.0,25.7229925175673,10.77,2.551,0.0,1.0,0.0,1617235200.0,48149
56059.0,41172.0,33463.0,10888.0,32.3706849095347,10.77,2.551,0.0,1.0,0.0,1617235200.0,48189
56059.0,41172.0,5431.0,1859.0,5.74578472884425,10.77,2.551,0.0,1.0,0.0,1617235200.0,48195
56059.0,41172.0,36708.0,13514.0,47.9355499453291,10.77,2.551,0.0,1.0,0.0,1617235200.0,48223
56059.0,41172.0,36213.0,11354.0,38.6995179906805,10.77,2.551,0.0,1.0,0.0,1617235200.0,48227
56059.0,41172.0,35562.0,13725.0,35.1355753205845,10.77,2.551,0.0,1.0,0.0,1617235200.0,48241
56059.0,41172.0,2245.0,991.0,0.88141404190486,10.77,2.551,0.0,1.0,0.0,1617235200.0,48243
56059.0,41172.0,40796.0,12924.0,44.9518022759607,10.77,2.551,0.0,1.0,0.0,1617235200.0,48249
56059.0,41172.0,15547.0,4552.0,19.6723987222658,10.77,2.551,0.0,1.0,0.0,1617235200.0,48255
56059.0,41172.0,3301.0,1158.0,3.28145444730095,10.77,2.551,0.0,1.0,0.0,1617235200.0,48295
56059.0,41172.0,7970.0,3151.0,7.16031960385049,10.77,2.551,0.0,1.0,0.0,1617235200.0,48307
56059.0,41172.0,13788.0,5124.0,13.0848968153776,10.77,2.551,0.0,1.0,0.0,1617235200.0,48351
56059.0,41172.0,23186.0,8662.0,27.7204355683622,10.77,2.551,0.0,1.0,0.0,1617235200.0,48365
56059.0,41172.0,50155.0,17945.0,47.4183159710257,10.77,2.551,0.0,1.0,0.0,1617235200.0,48373
56059.0,41172.0,12001.0,4321.0,53.0132344807041,10.77,2.551,0.0,1.0,0.0,1617235200.0,48379
56059.0,41172.0,10280.0,3891.0,9.4190239057639,10.77,2.551,0.0,1.0,0.0,1617235200.0,48399
56059.0,41172.0,28574.0,10143.0,48.1378943291995,10.77,2.551,0.0,1.0,0.0,1617235200.0,48407
56059.0,41172.0,8958.0,3145.0,49.38938914302,10.77,2.551,0.0,1.0,0.0,1617235200.0,48425
56059.0,41172.0,3793.0,1282.0,2.31923606134806,10.77,2.551,0.0,1.0,0.0,1617235200.0,48435
56059.0,41172.0,41386.0,14392.0,70.1434704126283,10.77,2.551,0.0,1.0,0.0,1617235200.0,48459
56059.0,41172.0,49018.0,16388.0,15.1319731995955,10.77,2.551,0.0,1.0,0.0,1617235200.0,48465
56059.0,41172.0,35275.0,13321.0,59.2610906399722,10.77,2.551,0.0,1.0,0.0,1617235200.0,48477
